id_video,fecha_recuperacion,nombre_usuario,url_perfil,comentario,fecha_publicacion,num_likes
7197550373580705029,2024-12-03 00:14:26.766102,hustlas614,https://www.tiktok.com/@hustlas614,"YouTube y YouTube music, puedes pagarlas juntas?",2023-7-25,5
7197550373580705029,2024-12-03 00:14:26.780113,tylerfan08,https://www.tiktok.com/@tylerfan08,"Qobuz tiene buena calidad pero tidal le gana en variedad de canciones que tiene en alta calidad , creo que tidal es la mejor en eso",2023-2-7,4
7197550373580705029,2024-12-03 00:14:26.788105,Victorgtz10,https://www.tiktok.com/@victorgtz10,que canciones nos recomiendas para escuchar en alta calidad ?,2023-2-7,0
7197550373580705029,2024-12-03 00:14:26.798118,Guillermo Memo,https://www.tiktok.com/@guillermomemo5,yo tengo us√°ndola m√°s menos 5 a√±os y me funciona me saca del apuro en alguna canci√≥n en espec√≠fico que lleguen a pedir y si el sonido es muy variable,2023-2-7,1
7197550373580705029,2024-12-03 00:14:26.808104,Jose Alfredo Vargas Cruz,https://www.tiktok.com/@josealfredovargas742,dezzer hifi,2023-2-7,0
7118186274925694214,2024-12-03 00:18:14.083654,betanwest,https://www.tiktok.com/@betancourtlover911,wey te pareces a I√±aki Godoy,2022-7-8,1
7118186274925694214,2024-12-03 00:18:14.094636,Alejandro,https://www.tiktok.com/@daniel_alejandro555,Tidal es obligatorio si usas aud√≠fonos HI-FI,2022-7-8,136
7118186274925694214,2024-12-03 00:18:14.103638,Jimmy Balam Fuentes,https://www.tiktok.com/@jimmybalamfuentes,"tidal no es recomendable, a menos que tengas un dispositivo que logre reproducir la calidad de musica que ofrece tidal",2022-7-10,0
7118186274925694214,2024-12-03 00:18:14.113210,ari(el),https://www.tiktok.com/@_lvvari,No probaste sound cloud?,2022-7-8,1
7118186274925694214,2024-12-03 00:18:14.123211,pao,https://www.tiktok.com/@pao_castre,Te pareces a Jake Gyllenhaal <3,2022-7-10,1
7118186274925694214,2024-12-03 00:18:14.132842,LeninP√©rezll.ƒ±,https://www.tiktok.com/@lnninpz_,Entre Tidal y Deezer cual tiene mejor calidad de audio?,2023-3-1,0
7118186274925694214,2024-12-03 00:18:14.142619,Elixüê®,https://www.tiktok.com/@hunt1206,mi favorita es Deezer,2022-7-16,2
7118186274925694214,2024-12-03 00:18:14.151604,G√©nesis Sol√≥rzano Co,https://www.tiktok.com/@genesis_sc97,Pero You Tube premiun no se puede vincular con Alexa üò≠,2-21,1
7118186274925694214,2024-12-03 00:18:14.159928,divulgaci√≥n y videojuegos,https://www.tiktok.com/@divulgacionyvideojuegos,aguante Youtube music,2023-8-16,0
7118186274925694214,2024-12-03 00:18:14.168926,Zarcops,https://www.tiktok.com/@zarcops,"he probado caso todos los servicios u debo decir que Spotify y YouTube son los √∫nicos que me gustaron, y tidal est√° a otro nivel con la calidad",2022-8-12,0
7118186274925694214,2024-12-03 00:18:14.178924,Jair Constantino437,https://www.tiktok.com/@barrittoouwu,"yo pobre tidal y spotify con la calidad de audio en maxima, y no note practicamente ninguna diferencia en la calidad aparte de que el audio suena mas+",2022-7-9,2
7118186274925694214,2024-12-03 00:18:14.187672,Davis,https://www.tiktok.com/@davis_travis,TIDAL no tiene la calidad de audio que promete si escuchas la m√∫sica inal√°mbricamente,3-12,0
7118186274925694214,2024-12-03 00:18:14.198670,Eduardo Moctezuma,https://www.tiktok.com/@eduarmoc,Pero Amazon Music no tiene canciones JAJAJAJA,2022-7-9,0
7118186274925694214,2024-12-03 00:18:14.207845,Danielle8,https://www.tiktok.com/@danielle0511x,tidal me gusta,2023-6-5,0
7118186274925694214,2024-12-03 00:18:14.217333,Freddy Cuevas,https://www.tiktok.com/@freddycaves,no hay nada mejor que Spotify,2022-9-18,0
7118186274925694214,2024-12-03 00:18:14.226844,jajaja,https://www.tiktok.com/@joselibmei,"Pues, yo busco calidad de audio, y es mi segundo mes pagando tidal, estoy encantado con esta app. estaba con yt m√∫sica y tambi√©n es una chulada",2022-7-8,1
7118186274925694214,2024-12-03 00:18:14.237846,AngeloValle,https://www.tiktok.com/@lovemv98,"Tengo el Spotify, pero Tidal con esa calidad de sonido en un sony xm4 es una locura. No lo cambio por nada",2022-7-10,1
7118186274925694214,2024-12-03 00:18:14.248846,Andre Palacios,https://www.tiktok.com/@andrepalacios7,"Lo bueno de Spotify es que cada cierto tiempo dan meses gratis o muy baratos, al igual que descuento por estudiante",2022-7-9,3
7118186274925694214,2024-12-03 00:18:14.257845,hersonbucio92,https://www.tiktok.com/@hersonbucio92,"actualmente utilizo Spotify, me recomendar√≠an cambiar a Youtube premium?",2022-7-21,1
7118186274925694214,2024-12-03 00:18:14.267107,dp.javiü•∑üèª,https://www.tiktok.com/@younglex_77_,Spotify sin dudar,2022-7-8,24
7118186274925694214,2024-12-03 00:18:14.277108,rafaelperalta366,https://www.tiktok.com/@rafaelperalta366,"Usuario com√∫n: YT Music o Spotify.
Usuario que le de preferencia a la calidad de audio: Tidal.",2022-7-15,1
7118186274925694214,2024-12-03 00:18:14.289107,uzi.flp,https://www.tiktok.com/@uzi.flp,Confirmo YT music me agrada bastante por la enorme biblioteca de m√∫sica üôè,2022-7-8,1087
7118186274925694214,2024-12-03 00:18:14.300106,Pablo Blas,https://www.tiktok.com/@algunpablito,"te falt√≥ Qobuz, y en calidad qobuz es superior a tidal, y apple music se defiende bastante lo pondr√≠a a la par de tidal",2022-7-15,1
7118186274925694214,2024-12-03 00:18:14.311354,Pepper Carlo,https://www.tiktok.com/@ipepper_carlo,"es que Spotify tiene descuento pa estudiantes, autom√°ticamente gana Spotify",2022-7-8,29
7118186274925694214,2024-12-03 00:18:14.320356,angel,https://www.tiktok.com/@lanadelreh,apple music,2022-7-9,2
7118186274925694214,2024-12-03 00:18:14.330358,azielg_rr,https://www.tiktok.com/@azielg_rr,"Si tienen ecosistema Apple, el que mejor funciona es Apple Music",2022-7-8,282
7118186274925694214,2024-12-03 00:18:14.340357,Iver Rojas,https://www.tiktok.com/@iverrojaslol,cu√°l era el mejor gratis üòÖ,2022-7-16,5
7118186274925694214,2024-12-03 00:18:14.349358,Danish Cornelius Lam,https://www.tiktok.com/@danishc.lamb,"yo use hace mucho Deezer y me gustaba mucho su interfaz, pero al mes me pidi√≥ el pago y empec√© a probar las dem√°s üòÇ",2022-7-16,1
7118186274925694214,2024-12-03 00:18:14.359791,SoyBalanced,https://www.tiktok.com/@balancedlamp,YouTube music con premium es lo mejor,2022-7-9,66
7118186274925694214,2024-12-03 00:18:14.368356,Cesshddz,https://www.tiktok.com/@cesshddz,"yo pondr√≠a como peor a Amazon, la interfaz es horrible y llena de bugs... yo pondr√≠a en ese lugar a deezer, m√°s equilibrada entre calidad e interfaz",2022-7-9,11
7118186274925694214,2024-12-03 00:18:14.377341,bert_incito,https://www.tiktok.com/@bert_incito,"yo tengo tidal y se siente una app muy cerrada, apenas hace 5 meses que tienen letras de canciones, pero me agrada y me sirve üëçüèª",2022-7-10,0
7118186274925694214,2024-12-03 00:18:14.387535,Erick Mel√©ndez,https://www.tiktok.com/@stolen_content00,"Apple Music 50 pesos desde hace 8 a√±os , quien sabe porque apple no soluciona sus errores",2022-7-8,3
7118186274925694214,2024-12-03 00:18:14.399057,AlanGC,https://www.tiktok.com/@bochoamarillo271,"entre YouTube music y Spotify, cu√°l tiene mejor calidad de audio?",2022-7-12,1
7118186274925694214,2024-12-03 00:18:14.408058,jesusnoelu,https://www.tiktok.com/@jesusnoelu,Yo amo Apple Music üé∂ sobre todo por lo minimalista.,2022-7-9,3
7118186274925694214,2024-12-03 00:18:14.417059,Charlie,https://www.tiktok.com/@charlike.c,"Pago el YT premium pero nunca he usado el Music, quiz√° deba probarlo.
Pero Spotify creo es mejor por la compatibilidad con m√°s plataformas y hardware.",2022-7-8,53
7118186274925694214,2024-12-03 00:18:14.426214,‚òÖÂΩ°[‚òÜ]ÂΩ°‚òÖ,https://www.tiktok.com/@ramirinnnn777,Trebel es m√°s para escuchar la m√∫sica que descargaste cuando no tienes Internet a mi parecer,2022-7-9,1
7118186274925694214,2024-12-03 00:18:14.435211,üßøLuis,https://www.tiktok.com/@lxxs_hdz,"Deezer me gust√≥ much√≠simo, aunque pesan mucho las canciones en hifiüíÄüíÄ",2023-9-20,0
7118186274925694214,2024-12-03 00:18:14.444345,Erick Torres,https://www.tiktok.com/@ericktorrs_3,empec√© a usar YouTube music por tu recomendaci√≥n y hoy lo uso m√°s que spotify,2022-7-9,4
7118186274925694214,2024-12-03 00:18:14.453344,Daniel Chavez,https://www.tiktok.com/@danielchavez09,Deezer est√° bastante bueno yo lo uso en modo hifi y 100% recomendado,2022-7-8,29
7118186274925694214,2024-12-03 00:18:31.827832,Eugenio L,https://www.tiktok.com/@el_eugenio7,"Yo tengo los 4 y realmente la que m√°s uso es Spotify, YouTube Music tiene bastante cat√°logo pero su algoritmo se queda corto contra Spotify+",2022-7-15,1
7118186274925694214,2024-12-03 00:18:31.836330,meb01am474r,https://www.tiktok.com/@blair...666,"en lo personal mi favorito es Spotify, es muy c√≥modo, tiene muy bonita interfaz y adem√°s para mi es bastante barato u.u",2022-7-8,2
7118186274925694214,2024-12-03 00:18:31.845329,_brian_lux,https://www.tiktok.com/@_brian_lux,"lo √∫nico bueno de yt music es la biblioteca inmensa, fuera de eso prefiero Deezer, spotify o Apple music",2022-9-5,0
7118186274925694214,2024-12-03 00:18:31.854331,Fersitotiktoks,https://www.tiktok.com/@fer.prz_,si pones Premium En YouTube es mejor que tener Spotify premium porque en YT Premium puedes ver videos sin anuncios y m√∫sica y m√°s aparte cuesta menos,2022-7-15,3
7118186274925694214,2024-12-03 00:18:31.864107,cesargeek,https://www.tiktok.com/@cesargeek,YouTube music + YT sin anuncios es lo mejor,2022-7-15,13
7118186274925694214,2024-12-03 00:18:31.874096,David Ortiz,https://www.tiktok.com/@catlover__75,"me encanta Spotify pero me conquist√≥ YouTube por su plan premium, muy buenas rese√±as",2022-7-8,226
7118186274925694214,2024-12-03 00:18:31.884618,Adex Specter,https://www.tiktok.com/@adexspecter,"para mejor calidad de audio, que dijo?",2022-7-17,0
7118186274925694214,2024-12-03 00:18:31.893618,Helc22,https://www.tiktok.com/@whathehelc,"Cuando m√°s escuchaba m√∫sica era cuando usaba Apple music, la interfaz de Spotify nunca ame engancha",2022-7-9,1
7118186274925694214,2024-12-03 00:18:31.901775,Andre Palacios,https://www.tiktok.com/@andrepalacios7,"Lo bueno de Amazon music es que por ser miembro dan muchas canciones, y cada cierto tiempo dan meses gratis",2022-7-9,0
7118186274925694214,2024-12-03 00:18:31.911025,borca115,https://www.tiktok.com/@trenborca,c√≥mo que trevel no tiene todo lo que necesitas?üò≠üò≠üò≠,2022-7-9,22
7118186274925694214,2024-12-03 00:18:31.919024,otrochico,https://www.tiktok.com/@otrochico,"Mixcloud es una por maravillosa, reci√©n la descubr√≠ est√° semana y es genial...solo hay mixes de horas",2022-7-8,1
7118186274925694214,2024-12-03 00:18:31.927995,Juan Garcia,https://www.tiktok.com/@juangarcia696969696969,seeeeee YouTube music y Spotify son las mejores ü•∞ü•∞,2022-7-16,1
7118186274925694214,2024-12-03 00:18:31.937064,Ianüê¢,https://www.tiktok.com/@roseconnell7,pero si YouTube music es de lo peor si te sales se para la m√∫sica al igual si apagas el cel tienes que pagar si o si para tener esas funciones,2022-7-9,1
7118186274925694214,2024-12-03 00:18:31.946060,Julian Rodrigo Garcia,https://www.tiktok.com/@garcia_sasarashina,YouTube venced es good y adem√°s gratis<3,2022-7-17,0
7118186274925694214,2024-12-03 00:18:31.956071,JotaProgresivo,https://www.tiktok.com/@jotaprogresivo,qu√© auriculares usaste para tus pruebas?,2022-7-8,1
7118186274925694214,2024-12-03 00:18:31.965066,Santiago,https://www.tiktok.com/@santmpz28,El mejor es esound,2022-7-10,1
7118186274925694214,2024-12-03 00:18:31.975481,IVANN,https://www.tiktok.com/@vann_v4nn,solo vine a confirmar que YT music iba a ser el n√∫mero uno.,1-15,1
7118186274925694214,2024-12-03 00:18:31.985480,Ramon Santoyo,https://www.tiktok.com/@ramonsantoyo85,,2022-7-17,0
7118186274925694214,2024-12-03 00:18:31.996853,el neruda del atraco armado.,https://www.tiktok.com/@prettyboydirtyboybaby,socio cree una lista de reproducci√≥n para esta serie de videos,2022-7-8,1
7118186274925694214,2024-12-03 00:18:32.006853,iSonDTraCk,https://www.tiktok.com/@isondtrack,Spotify es mi favorito por la compatibilidad con todos mis dispositivos,2022-7-9,9
7118186274925694214,2024-12-03 00:18:32.015643,Juan,https://www.tiktok.com/@juandiego99k,YouTube Music lo mejor ü•∞,2022-7-9,23
7118186274925694214,2024-12-03 00:18:32.025643,iJeber GM,https://www.tiktok.com/@ijebergm1,c√≥mo normalmente escucho m√∫sica jugando videojuegos y juego en consola pues prefiero Spotify por la compatibilidad,2022-7-8,2
7118186274925694214,2024-12-03 00:18:32.035658,Playy-Nux 01,https://www.tiktok.com/@theandroplay01,uso android pero prefiero apple music,2022-7-28,0
7118186274925694214,2024-12-03 00:18:32.046642,NLTZ,https://www.tiktok.com/@neyzertheduck,"El mejor, Apple music, porque lo sigo teniendo y no lo he pagado en como 8 meses üòÖüòÇ",2022-7-12,1
7118186274925694214,2024-12-03 00:18:32.056649,Adan Hernandez27602,https://www.tiktok.com/@adam_h334,YouTube Music.,2022-7-16,0
7118186274925694214,2024-12-03 00:18:32.065852,Alex G,https://www.tiktok.com/@alexgonzalezmx,"AppleMusic por la calidad de audio al precio com√∫n de otros servicios, porque se que est√° Tidal, Youtube es bueno,",2022-7-15,1
7118186274925694214,2024-12-03 00:18:32.074850,M_M_A,https://www.tiktok.com/@mo_mi_ar,"amazon music ha mejorado mucho, la mejor calidad, inteefaz renovada y m√°s amigable, arreglaron much√≠simos bugs, y dolby atmos una delicia",2022-7-29,0
7118186274925694214,2024-12-03 00:18:32.084146,David Guendulain,https://www.tiktok.com/@davidguendulain7,"Amazon Music es muy good pero tiene un bug con las descargas, de ah√≠ en fuera incluso mejor que Spotify",2022-7-9,0
7118186274925694214,2024-12-03 00:18:32.093129,Diego Olazar,https://www.tiktok.com/@diego.olazar2,La mejor calidad de audio y gratis cual seria?üòÅ,9-18,0
7118186274925694214,2024-12-03 00:18:32.103129,Tetera,https://www.tiktok.com/@creative_taty,Me encanta apple music pero el catalogo de YouTube music es bellisimo,2023-1-10,0
7118186274925694214,2024-12-03 00:18:32.112099,Nick‚òÅÔ∏è,https://www.tiktok.com/@djnxckx,"me encanta tus v√≠deos, utilizo eSound de hace unos meses ac√° y es una app super buena",2022-7-9,2
7118186274925694214,2024-12-03 00:18:32.121099,Carlos,https://www.tiktok.com/@carlos.hg25,Yo amo Apple Music y para mi es el mejor,2022-8-31,0
7118186274925694214,2024-12-03 00:18:32.130396,juan david,https://www.tiktok.com/@jdperezs,Ami me encanta spotify pero la calidad de apple music lowless y dolby atmos es una maravilla,2022-7-9,9
7118186274925694214,2024-12-03 00:18:32.142395,noname,https://www.tiktok.com/@cuentaabandonadaxx,nose pero yo prefiero descargar mi m√∫sica y ya y la escucho de la app de m√∫sica de xiaomi o Soundcloud que tambi√©n me gusta mucho la vrd,2022-7-9,3
7118186274925694214,2024-12-03 00:18:32.151394,Luis Loperena,https://www.tiktok.com/@luisloperena99,si YouTube music estuviera en la play o xbox me cambio pero no est√° :c,2022-7-21,1
7118186274925694214,2024-12-03 00:18:32.160828,Richhh Owens,https://www.tiktok.com/@richhowenss,"la neta si YouTube music es lo mejor, yo en segundo dir√≠a que tidal xq te da los mejores descubrimientos y calidad",2022-7-9,1
7118186274925694214,2024-12-03 00:18:32.169170,ernesto garcia596,https://www.tiktok.com/@ernestogarcia59648,Y Apple Music,2022-7-21,0
7118186274925694214,2024-12-03 00:18:32.178173,Dia,https://www.tiktok.com/@ddia25,Apple Music con los AirPods Pro con cancelaci√≥n de ruido y el audio espacial es una locura en serio si eres fan del buen audio es recomendableü•∞,2022-7-19,0
7118186274925694214,2024-12-03 00:18:58.194644,SOD 2212,https://www.tiktok.com/@sod22126,para una persona que solo escucha m√∫sica ocasionalmente yt music es la mejor aparte de que te quita anuncios por 30 pesos al mes,2022-7-9,5
7118186274925694214,2024-12-03 00:18:58.205630,LicMaquinaDeFuego69,https://www.tiktok.com/@licmaquinadefuego69,Entonces si no hay caro para pagar? es que lo hablaste muy r√°pido ü•∫,2022-7-11,6
7118186274925694214,2024-12-03 00:18:58.447629,Nacesa.,https://www.tiktok.com/@.nacesa,Es que con YouTube Music adem√°s de tener literalmente todo el cat√°logo de YouTube tienes la ventaja de obtener YouTube sin anuncios jaja,2022-7-20,1
7118186274925694214,2024-12-03 00:18:58.464628,mini05,https://www.tiktok.com/@jjajajamini05,ahora prueba Souncloud üòç,2023-12-26,0
7118186274925694214,2024-12-03 00:18:58.473629,a.cesareo05,https://www.tiktok.com/@a.cesareo05,"no le saben, Apple Music y YouTube Music son GOD",2022-7-10,0
7118186274925694214,2024-12-03 00:18:58.481628,xavi_mb97,https://www.tiktok.com/@xmb970402,Yo me quedo con Apple Music,2022-7-9,1
7118186274925694214,2024-12-03 00:18:58.491644,JI,https://www.tiktok.com/@isayhr,en lo personal recomiendo YouTube premium por los beneficios extra que trae no solo la m√∫sica,2022-7-9,8
7118186274925694214,2024-12-03 00:18:58.500629,Juan Camilo Figuered,https://www.tiktok.com/@juanfigueredo70,excelente trabajo amigo!! muy de acuerdo contigo,2022-7-8,9
7118186274925694214,2024-12-03 00:18:58.510640,Louis Harrison,https://www.tiktok.com/@louisharrison2,You tube music es GOD,2022-7-8,7
7118186274925694214,2024-12-03 00:18:58.519628,Patrick Rodriguez,https://www.tiktok.com/@patrickrodriguez222,Mmm yo difiero creo que dejaste la calidad en √∫ltimo yo dejar√≠a Spotify en cuarto lugar su calidad no es nada buena,2023-8-24,0
7118186274925694214,2024-12-03 00:18:58.529630,sramtztorres,https://www.tiktok.com/@sramtztorres,qobuz el mejor,3-15,0
7118186274925694214,2024-12-03 00:18:58.558628,Daniel üá≤üáΩ,https://www.tiktok.com/@dany_pxd,"Confirmo, las recomendaciones de YT Music son exactamente de tu estilo de m√∫sica y hay muuchas canciones old que no he encontrado en otros servicios",2022-7-15,4
7118186274925694214,2024-12-03 00:18:58.569337,matitulojn,https://www.tiktok.com/@soup.mati,En mi caso ser√≠a: 1- Spotify 2-Apple music 3- YouTube music,2022-7-10,0
7118186274925694214,2024-12-03 00:18:58.589337,Cristian Eliru,https://www.tiktok.com/@cristianeliru,YouTube music es pero de los god,2022-7-17,0
7118186274925694214,2024-12-03 00:18:58.597857,josueDSüëæ,https://www.tiktok.com/@josuedsxd,yo empec√© a usar YouTube music por que me dieron 3 meses gratis y ahora no pienso volver a Spotify,2022-7-15,1
7118186274925694214,2024-12-03 00:18:58.607222,ùìíùìÆùìºùì™ùìª,https://www.tiktok.com/@nuggetvd,"YouTube m√∫sic es muy bueno, pero Spotify es demasiado compatible con todo",2022-7-10,1
7118186274925694214,2024-12-03 00:18:58.616223,wooki,https://www.tiktok.com/@wook.97,yo busco un reproductor que se vea est√©tico y con musica variada (ej: k-pop) aunque creo que es Spotify,2023-7-22,0
7118186274925694214,2024-12-03 00:18:58.625225,blackerUWU,https://www.tiktok.com/@blackeruwu,si YouTube tuviera el audio Master ser√≠a ultra god,2022-7-9,108
7118186274925694214,2024-12-03 00:18:58.641225,astro,https://www.tiktok.com/@astroprado,yo tambi√©n pase por todas esas aplicaciones y confirmo mi top 1 es YTM,2022-7-9,2
7118186274925694214,2024-12-03 00:18:58.650224,Edi Alfred 01,https://www.tiktok.com/@edialfred01,Todos se olvidan de napster,2022-7-9,1
7118186274925694214,2024-12-03 00:18:58.666330,Ivan Jimenez273,https://www.tiktok.com/@ivan__alejandro,"para m√≠ Amazon es el mejor, pero es por tema de compatibilidad con Alexa y la calidad de audio",2022-7-8,1
7118186274925694214,2024-12-03 00:18:58.675863,Jack Lu,https://www.tiktok.com/@goat_lu,Apple Music,2022-7-17,0
7118186274925694214,2024-12-03 00:18:58.684997,vale11,https://www.tiktok.com/@vale11918,"Por calidad de audio, dir√≠a que Apple Music, ya que tiene mucha tecnolog√≠a ah√≠ con dolby atmos, audio, Lossless y m√°s. Mientras que los otros s√≥lo te",2022-7-17,0
7118186274925694214,2024-12-03 00:18:58.693998,franciscogodoy991,https://www.tiktok.com/@franciscogodoy991,Nah Apple Music Es El Mejor En Mi Opini√≥n Es Lo Que Uso,2022-7-15,0
7118186274925694214,2024-12-03 00:18:58.703660,Daniel Soto Cortes,https://www.tiktok.com/@danielsotocortes,Falto Apple Music üò¨,2022-7-15,0
7118186274925694214,2024-12-03 00:18:58.722658,Mickey,https://www.tiktok.com/@mickey95_,"Spotify y Apple Music son los mejores a mi gusto y Amazon en tercer lugar, YouTube no siempre tiene altas calidades de m√∫sica siempre.",2022-7-13,0
7118186274925694214,2024-12-03 00:18:58.731128,Mau,https://www.tiktok.com/@mau4loko,Pues yo uso Apple Music y no creo que le pida algo a las demas,2022-7-10,0
7118186274925694214,2024-12-03 00:18:58.741696,Rosales,https://www.tiktok.com/@rdriguez11,Pa mi Apple Music ser√° el mejor,2022-7-10,0
7118186274925694214,2024-12-03 00:18:58.750695,Ian.,https://www.tiktok.com/@ianonthebeatmx,Apple Music es el mejor para m√≠.,2022-7-9,0
7118186274925694214,2024-12-03 00:18:58.759683,Don Oscar time,https://www.tiktok.com/@oscartime_91,Y Apple Music que calificaci√≥n tuvo?,2022-7-9,0
7118186274925694214,2024-12-03 00:18:58.768680,Jefferson Garc√≠a,https://www.tiktok.com/@jeffer_xx,A mi me gusta apple music,2022-7-9,0
7118186274925694214,2024-12-03 00:18:58.776681,Jasson A. Real.,https://www.tiktok.com/@jassonr8,"Nahhh, Apple music es superior, calidad precio.",2022-7-8,0
7118186274925694214,2024-12-03 00:18:58.786572,Manuel Arriaga Chave,https://www.tiktok.com/@manuelarriagachav,"pero yo uso trebel y me funciona de maravilla, es el mejor que tengo para m√∫sica",2022-8-1,0
7118186274925694214,2024-12-03 00:18:58.794825,David Gonzalez,https://www.tiktok.com/@dp6667,Yo uso Trebel music y no me ha parecido mal su interfaz me parece muy sencilla en fin ü•∫ü•∫ü•∫,2022-7-16,0
7118186274925694214,2024-12-03 00:18:58.803824,Gerardo Villase√±or,https://www.tiktok.com/@gdamian_vv,Creen que YouTube music valga la pena en un iPhone?,2023-1-24,0
7118186274925694214,2024-12-03 00:18:58.812605,XD,https://www.tiktok.com/@cheshfisto,yo uso dezeer,2022-12-19,0
7118186274925694214,2024-12-03 00:18:58.821593,Mcma_gt,https://www.tiktok.com/@mcma_gt,Spotify sin el no hay fichajes,2022-7-26,0
7118186274925694214,2024-12-03 00:18:58.831597,C√©sar Pacheco,https://www.tiktok.com/@cesarlibanosh123,Y us√°ndolos con datos cu√°l gasta m√°s datos m√≥viles ?,2022-11-16,0
7118186274925694214,2024-12-03 00:18:58.840597,üî±IVANüî±,https://www.tiktok.com/@navi_oficial1,Y desser,2022-11-5,0
7118186274925694214,2024-12-03 00:18:58.849520,The Troll,https://www.tiktok.com/@thetroll05,dios estoy probando tidal y el audio es de locos muy buen v√≠deo üòÅ,2022-9-20,0
7118186274925694214,2024-12-03 00:19:27.240871,Mauricio Cabrera,https://www.tiktok.com/@mauriciocabsal,Amigo haz una casa de la calidad. Eso seria muy objetivo.üòÇ,2022-9-3,0
7118186274925694214,2024-12-03 00:19:27.249870,boton3s,https://www.tiktok.com/@b0t0n3s,cual dijo que era gratis?,2022-9-1,0
7118186274925694214,2024-12-03 00:19:27.259201,Joel Paicho Reynaga,https://www.tiktok.com/@joelpaichoreynaga,"estuve usando Spotify por 4 a√±os, quise cambiar y probar algo nuevo... YouTube music no me gust√≥ para nada, de momento estoy usando apple y me encant√≥",2022-9-1,0
7118186274925694214,2024-12-03 00:19:27.268200,Jude,https://www.tiktok.com/@jude7005,Aqu√≠ los de YouTube music,2022-8-30,0
7118186274925694214,2024-12-03 00:19:27.277181,Memelixtas,https://www.tiktok.com/@luffy_mauricio,Youtube music es genial pero no me gusta su dise√±o,2022-8-25,0
7118186274925694214,2024-12-03 00:19:27.286183,JBoe_06,https://www.tiktok.com/@edgarchv714,Yo con mi Spotify premium estoy felizüòÅ,2022-8-14,0
7118186274925694214,2024-12-03 00:19:27.296183,neatsage,https://www.tiktok.com/@neatsage,"YouTube music: 1 es barato 2 buena calidad de sonido 3 te dan YouTube normal sin anuncios, 4 50 varos al mes si eres estudiambre que m√°s puedo pedir",2022-8-5,0
7118186274925694214,2024-12-03 00:19:27.305659,_ID_,https://www.tiktok.com/@dxxxx2ddd,Y que opinas de Soundcloud?,2022-7-31,0
7118186274925694214,2024-12-03 00:19:27.315472,Michael Peregrino,https://www.tiktok.com/@mike_peregrino,te falto el de Huawei music,2022-7-31,0
7118186274925694214,2024-12-03 00:19:27.324472,uwu,https://www.tiktok.com/@n4d13._00,yo tengo Spotify xd,2022-7-30,0
7118186274925694214,2024-12-03 00:19:27.334791,si,https://www.tiktok.com/@wysbdhwjvrej,Spotify ü§ë,2022-7-30,0
7118186274925694214,2024-12-03 00:19:27.343738,‚ö°Ô∏èrooo0d Ô£ø,https://www.tiktok.com/@rooo0d8,A mi me encanta SoundCloud se las recomiendo üëçüèª üëèüèª,2022-7-25,0
7118186274925694214,2024-12-03 00:19:27.353738,Gabriel Flores,https://www.tiktok.com/@gabriel.flores.h,yo utiliz√≥ Pandora,2022-7-21,0
7118186274925694214,2024-12-03 00:19:27.363262,Sand.Fang,https://www.tiktok.com/@sand.fang,"Treble es muy bueno üòÅ no tiene anuncios entre canciones, s√≥lo al descargar musica",2022-7-20,0
7118186274925694214,2024-12-03 00:19:27.372262,Edward Salguera,https://www.tiktok.com/@blackdinoarcade,Huawei m√∫sic?,2022-7-20,0
7118186274925694214,2024-12-03 00:19:27.381263,Ra√∫l Gonz√°lez,https://www.tiktok.com/@rggonzalez20,Despu√©s de pasar por dezeer Hi-Fi no puedo regresar a Spotify o YTmusic. Se nota la diferencia en calidad de audio.,2022-7-17,0
7118186274925694214,2024-12-03 00:19:27.390081,LastDream,https://www.tiktok.com/@ellastdream,tambi√©n trae la opci√≥n de poder modificar tu playlist cosa que en Spotify uno quiere pasar canciones m√°s arriba de donde est√°n y no se puede xd,2022-7-17,0
7118186274925694214,2024-12-03 00:19:27.400082,DR4IM0N,https://www.tiktok.com/@davidrakndramos,Te falto huawei music pero como casi nadie consume huawei por eso no es tomado en cuenta,2022-7-17,0
7118186274925694214,2024-12-03 00:19:27.409291,Dorian Garc√≠a,https://www.tiktok.com/@doriangarciaa3,awebo,2022-7-17,0
7118186274925694214,2024-12-03 00:19:27.418458,FEDVER,https://www.tiktok.com/@fed.ver,recomiendo tambi√©n soundcloud ya que nunca sabes que joya te recomendar√° ah√≠ üíé,2022-7-16,0
7118186274925694214,2024-12-03 00:19:27.427456,Orbelink,https://www.tiktok.com/@orbelink,"Me gusta m√°s Spotify por sus listas y recomendaciones, son muy buenas...",2022-7-16,0
7118186274925694214,2024-12-03 00:19:27.437207,Geeko pel√≠culas,https://www.tiktok.com/@geeko_peliculas,wtfff te pareces un mont√≥n a I√±aki Godoy,2022-7-16,0
7118186274925694214,2024-12-03 00:19:27.448205,luis,https://www.tiktok.com/@lynncisicip,yt es lo mejor,2022-7-16,0
7118186274925694214,2024-12-03 00:19:27.458202,Arturo Amezola,https://www.tiktok.com/@chocoamezola,"YT music, el eterno infravalorado. No digo que los dem√°s sean tan malos pero si se menosprecia",2022-7-16,0
7118186274925694214,2024-12-03 00:19:27.468205,Pablooooo,https://www.tiktok.com/@pablo.julian,dicen que es Apple por qu√© tiene m√°s m√∫sica,2022-7-16,0
7118186274925694214,2024-12-03 00:19:27.476789,Alfonso Baro,https://www.tiktok.com/@alfonsobaro69,"Odio spotify, pero es el √∫nico al que termino volviendo porque su experiencia de usuario es de la mejor y tiene a√±os m√≠os de datos, cada que le pongo+",2022-7-15,0
7118186274925694214,2024-12-03 00:19:27.486501,otro madera,https://www.tiktok.com/@otro_madera,con mi credencial de estudiante el yoube que sale en 70 pesos y tambi√©n incluye el YouTube premium,2022-7-15,0
7118186274925694214,2024-12-03 00:19:27.495500,Isai Najera,https://www.tiktok.com/@isai_najera,"M√∫sica de Amazon es la mejor, por la calidad. Aparte tengo prime no s√© si es por eso lo tengo gr√°tis, por qu√© desde que tengo prime no he pagado.",2022-7-15,0
7118186274925694214,2024-12-03 00:19:27.505207,„ÉÄF·¥Ä…¥F…™·¥Ñ·¥õ…™·¥è…¥Îãπ,https://www.tiktok.com/@fan_fiction042,Por eso mejor lo Adelante hasta el final esperaba ese tipo de respuesta.,2022-7-15,0
7118186274925694214,2024-12-03 00:19:27.514419,Abraham,https://www.tiktok.com/@abraham_hjc,"Te falt√≥ Qobuz, es el mejor en calidad de audio, por mucha diferencia",2022-7-16,0
7118186274925694214,2024-12-03 00:19:27.522893,adalberto,https://www.tiktok.com/@adalberto288,ya llevo un a√±o que deje Spotify y me uni a Youtube premium y fue de las mejores decisiones,2022-7-16,0
7118186274925694214,2024-12-03 00:19:27.532893,moodlerich,https://www.tiktok.com/@moodlerich,YouTube music es lo mejor,2022-7-15,0
7118186274925694214,2024-12-03 00:19:27.542804,Jorge PS,https://www.tiktok.com/@jorge_ps3,YouTube es lo mejor,2022-7-15,0
7118186274925694214,2024-12-03 00:19:27.551804,rubens,https://www.tiktok.com/@rubenfidow,Yo quiero encontrar las mejores canciones del mundo,2022-7-15,0
7118186274925694214,2024-12-03 00:19:27.560492,Josua,https://www.tiktok.com/@josuaaaa_4,"Deezer, su gran calidad",2022-7-15,0
7118186274925694214,2024-12-03 00:19:27.569488,Elian,https://www.tiktok.com/@.relalelian,"sisi, yo he ocupado YT Music y creo q es el que te da m√°s",2022-7-15,0
7118186274925694214,2024-12-03 00:19:27.579078,Damn Dani,https://www.tiktok.com/@dani.rhs,Huawei music es muy buena,2022-7-15,0
7118186274925694214,2024-12-03 00:19:27.588435,Panchojsl,https://www.tiktok.com/@panchojsl,Tidal tambi√©n tiene buen precio si usas las ofertas de 3 meses por 20 pesos ü•¥,2022-7-15,0
7118186274925694214,2024-12-03 00:19:27.597433,Carlos B.A,https://www.tiktok.com/@carlos.bauuu,fiel a YT MUSIC ü•±,2022-7-15,0
7118186274925694214,2024-12-03 00:19:27.606166,Juan Mata Gonz√°lez,https://www.tiktok.com/@juanmata98,Spotify,2022-7-15,0
7118186274925694214,2024-12-03 00:19:27.616166,El Jotch,https://www.tiktok.com/@eljotch,YouTube Music va perfecto en PC con el Adblock,2022-7-14,0
7118186274925694214,2024-12-03 00:19:27.625166,Osbaldo,https://www.tiktok.com/@osbaldo__097,"Spotify se me hace la m√°s c√≥moda, siempre encuentro todo y sin contar que me conoce m√°s que yoüòÖ",2022-7-12,0
7118186274925694214,2024-12-03 00:19:27.634166,Miguel Jaime,https://www.tiktok.com/@naturalrager,YouTube music vanced es lo mejor xd,2022-7-12,0
7118186274925694214,2024-12-03 00:19:27.644165,Miguel √Ångel Roque,https://www.tiktok.com/@miguelangelroq,Siempre fui fiel usuario de Spotify pero a decir verdad YT music es superior en todo. S√∫per recomendado üëå,2022-7-12,0
7118186274925694214,2024-12-03 00:19:27.652358,XO Fer XO,https://www.tiktok.com/@itsferxs,Pick YT music if ur NPC,2022-7-12,0
7118186274925694214,2024-12-03 00:19:27.661657,teban,https://www.tiktok.com/@tebxn09,"spotify el mejor, buen sonido, recomendaciones buenas, puedes tenerlo en varios dispositivos, etc",2022-7-10,0
7118186274925694214,2024-12-03 00:19:27.670971,Y E I S O N,https://www.tiktok.com/@yeison_32_,"El mejor es descargar la m√∫sica y tenerla en su propia memoria :'3
Yo con 20 Gb de m√∫sica",2022-7-10,0
7118186274925694214,2024-12-03 00:19:27.680976,Ô∏é,https://www.tiktok.com/@i_upload_random_music,y d√≥nde est√° soundcloudü•∫ü•∫,2022-7-10,0
7118186274925694214,2024-12-03 00:19:27.691200,Francisco Hernandez,https://www.tiktok.com/@franciscohernan44,tengo mi lista de reproducci√≥n de Spotify... son m√°s de 1 mil canciones como las traslado ytmusic?,2022-7-10,0
7118186274925694214,2024-12-03 00:19:27.700855,ùïÇùï†ùïùùïñùïïùïí-ùïç,https://www.tiktok.com/@juanjo1282_,siempre supe que Youtube music era severa plataforma de m√∫sica al igual que Spotify xd,2022-7-10,0
7118186274925694214,2024-12-03 00:19:27.710232,Greenpifas,https://www.tiktok.com/@greenpifas,llo uzo trebel :c,2022-7-10,0
7118186274925694214,2024-12-03 00:19:27.719343,Dan:3,https://www.tiktok.com/@dan_dfl,"El mejor es espotify, su algoritmo es muy muy bueno, para mi es el mejor",2022-7-10,0
7118186274925694214,2024-12-03 00:19:27.729342,erickkkkk,https://www.tiktok.com/@erick_mdzm,no conozco los dem√°s pero Spotify me hace feliz,2022-7-10,0
7118186274925694214,2024-12-03 00:19:27.737466,Diego,https://www.tiktok.com/@diegooav_,Esound es el mejor si no tienes para Spotidy Premium xd,2022-7-10,0
7118186274925694214,2024-12-03 00:19:27.747465,Diegotype0,https://www.tiktok.com/@die8type0,Yo uso Ymusic...,2022-7-10,0
7118186274925694214,2024-12-03 00:19:27.756243,David,https://www.tiktok.com/@elkdavid,"YT music es bueno por la facilidad de buscar m√∫sica, pero la verdad Spotify siempre ser√° good",2022-7-9,0
7118186274925694214,2024-12-03 00:19:27.764246,:),https://www.tiktok.com/@user122419043,Spotify lover forever,2022-7-9,0
7118186274925694214,2024-12-03 00:19:27.774612,TM91,https://www.tiktok.com/@tm91mlb,Youtube Music el mejor üòè,2022-7-9,0
7118186274925694214,2024-12-03 00:19:27.783594,lonkindo,https://www.tiktok.com/@lonkindo,lo √∫nico que le falta al Trabal es biblioteca üóø,2022-7-9,0
7003984673697189121,2024-12-03 00:28:59.350323,FYANGü¶ã,https://www.tiktok.com/@fayefaye2.1,nah bro YouTube music never be the same unlike Spotify if you play music then accidentally lock your phone it suddenly stop playing but in Spotify,2-11,9
7003984673697189121,2024-12-03 00:28:59.360054,Rei&Koa,https://www.tiktok.com/@reiraquel8,"does youtube music play without net/data like spotify? for spotify, if you download the album, you can play it without internet/data.",7-31,12
7003984673697189121,2024-12-03 00:28:59.371067,Ren,https://www.tiktok.com/@endewao,also yt music pays the artists more than spotify!!,2021-9-4,345
7003984673697189121,2024-12-03 00:28:59.383470,Gino Ron,https://www.tiktok.com/@_ginoron,"What I hate about Youtube music is that when you play an album and the song has a MV, it plays the audio of the MV instead of the official audioüòÖ",2021-9-4,7
7003984673697189121,2024-12-03 00:28:59.395473,.,https://www.tiktok.com/@dhsiskdofp,but the UI of yt music is not for me.. and the music suggestion.,2021-9-4,51
7003984673697189121,2024-12-03 00:28:59.405871,Philosiphos,https://www.tiktok.com/@markhyuckhyuck,The things that I like on YT music is that I can listen to a certain song that I like and then find myself listening for hours straight since their(1),2021-9-4,15
7003984673697189121,2024-12-03 00:28:59.415869,Skippy,https://www.tiktok.com/@skippy_126,"mas malakas tunog nya kaysa spotify skl hahaha pero moded yung Youtube premium ko, its free im broke",2021-9-4,26
7003984673697189121,2024-12-03 00:28:59.426268,GDngr,https://www.tiktok.com/@gypdngr,Discovery on yt music is so meh compared to spotify. But being bundled with yt premium is too good of a deal to pass on,2021-9-4,35
7003984673697189121,2024-12-03 00:28:59.437258,ryuddaenggg,https://www.tiktok.com/@topazryu,im using spotify since 2016 and i have a lot of playlist there so i just use spotify lmao,2021-9-4,12
7003984673697189121,2024-12-03 00:28:59.448695,Luka Magic,https://www.tiktok.com/@lukadoncic7724,im just using spotify for podcasts.,2021-9-4,9
7003984673697189121,2024-12-03 00:28:59.458695,Maximan,https://www.tiktok.com/@maximan_03,great points but no.,2021-9-4,7
7003984673697189121,2024-12-03 00:28:59.469697,mimiguelüôÉ,https://www.tiktok.com/@mimiguelll,yt music's recommendations are miles better than spotify as well,2021-9-4,5
7003984673697189121,2024-12-03 00:28:59.478696,_dave,https://www.tiktok.com/@_davecarlo,if you're on yt premium sa phone mo. magiging premium din ba yt mo sa smart tv if same account lng gamit?,9-17,1
7003984673697189121,2024-12-03 00:28:59.491994,Tonton Balmes,https://www.tiktok.com/@tontonbalmesjr,"I have both. I really don't know how to queue songs on YouTube music. Plus, it doesn't have sleep timer üòï",2021-9-4,0
7003984673697189121,2024-12-03 00:28:59.502493,loui$,https://www.tiktok.com/@thatguyjio,Is there a difference ba between yt music and yt premium?,2021-9-4,1
7003984673697189121,2024-12-03 00:28:59.513983,ùïòùïíùï§ùï°,https://www.tiktok.com/@siiinnr,unreleased tracks? really?,2021-9-6,0
7003984673697189121,2024-12-03 00:28:59.523981,Gau gau,https://www.tiktok.com/@pebbleskin,YT music vs Apple Music? üôÉ,2021-9-4,0
7003984673697189121,2024-12-03 00:28:59.535773,rale.cco,https://www.tiktok.com/@1020leaf,LET'S GOOO I VOUCH FOR THIS AS WELL! Another plus is that unreleased music is also available in yt music too. W for Youtube Premium!,2021-9-4,1
7003984673697189121,2024-12-03 00:28:59.546149,Achilles,https://www.tiktok.com/@kingofphthia,can you close/minimize the app while playing music?,2021-9-4,1
7003984673697189121,2024-12-03 00:28:59.558138,Ken,https://www.tiktok.com/@leokencruz,209 yung yt premium and spotify is 129 right? Enlighten me,2021-9-4,0
